{"rollout_rewards":[-131.71204407375046,-134.14162637235654,-136.24928951985243,-138.01340859694577,-135.27580737217247],"_timestamp":1.7465377541503468e+09,"_runtime":11.858341439,"_step":49,"epoch":50,"_wandb":{"runtime":11},"train_loss":0.008337550540759037,"val_loss":0.0022957666028834145}