{"_runtime":10.872097384,"_step":49,"_wandb":{"runtime":10},"epoch":50,"train_loss":0.008337550540759037,"val_loss":0.0022957666028834145,"_timestamp":1.7465363803913634e+09}