{"val_loss":0.007338783521845471,"_wandb":{"runtime":18},"rollout_reward":-397.72068919627173,"_timestamp":1.746538763540685e+09,"_runtime":18.794232674,"_step":49,"epoch":50,"train_loss":0.011996952686645336}