{"train_loss":0.008337550540759037,"_wandb":{"runtime":11},"val_loss":0.0022957666028834145,"rollout_reward":-135.27580737217247,"_timestamp":1.7465378345391424e+09,"_runtime":11.462349012,"_step":49,"epoch":50}