{"rollout_reward":-138.94063215349954,"_timestamp":1.7465385429537752e+09,"_wandb":{"runtime":11},"_runtime":11.36694892,"_step":27,"epoch":28,"train_loss":0.013771686122324777,"val_loss":0.013505426759365946}