{"_step":49,"_wandb":{"runtime":11},"epoch":50,"train_loss":0.008337550540759037,"val_loss":0.0022957666028834145,"_timestamp":1.7465362357524564e+09,"_runtime":11.399468611}