{"rollout_reward":-133.98817254009475,"_timestamp":1.7465385722446008e+09,"_wandb":{"runtime":19},"_runtime":19.173902871,"_step":49,"epoch":50,"train_loss":0.019686433134115184,"val_loss":0.020833408110775054}