{"val_loss":0.014751238516510057,"rollout_reward":-401.3135235984537,"_timestamp":1.7465388283693607e+09,"_runtime":19.16142023,"_step":49,"epoch":50,"train_loss":0.011917209375484086,"_wandb":{"runtime":19}}