{"_timestamp":1.7465386965425751e+09,"_runtime":108.375818544,"_step":299,"epoch":300,"_wandb":{"runtime":108},"train_loss":0.009462103565171456,"val_loss":0.007116702079656534,"rollout_reward":-268.4853232927512}