{"val_loss":0.023533769341943272,"rollout_rewards":[-131.71204407375046],"_wandb":{"runtime":2},"_timestamp":1.7465377342769294e+09,"_runtime":2.009758314,"_step":4,"epoch":5,"train_loss":0.02868698431137655}